[{"model": "admin.logentry", "pk": 1, "fields": {"action_time": "2022-02-27T20:52:27.447Z", "user": 1, "content_type": 7, "object_id": "1", "object_repr": "celebratewithhampers.example.com", "action_flag": 2, "change_message": "[{\"changed\": {\"fields\": [\"Domain name\", \"Display name\"]}}]"}}, {"model": "admin.logentry", "pk": 2, "fields": {"action_time": "2022-02-27T20:53:19.282Z", "user": 1, "content_type": 4, "object_id": "1", "object_repr": "oli_cummings9", "action_flag": 2, "change_message": "[{\"changed\": {\"fields\": [\"First name\", \"Last name\", \"Email address\"]}}]"}}, {"model": "admin.logentry", "pk": 3, "fields": {"action_time": "2022-02-27T21:01:34.457Z", "user": 1, "content_type": 8, "object_id": "1", "object_repr": "oli_cummings9@hotmail.com", "action_flag": 1, "change_message": "[{\"added\": {}}]"}}, {"model": "admin.logentry", "pk": 4, "fields": {"action_time": "2022-03-08T14:29:28.310Z", "user": 1, "content_type": 13, "object_id": "1", "object_repr": "seasonal_food_hamper", "action_flag": 1, "change_message": "[{\"added\": {}}]"}}, {"model": "admin.logentry", "pk": 5, "fields": {"action_time": "2022-03-08T14:29:46.962Z", "user": 1, "content_type": 13, "object_id": "2", "object_repr": "alcohol_hamper", "action_flag": 1, "change_message": "[{\"added\": {}}]"}}, {"model": "admin.logentry", "pk": 6, "fields": {"action_time": "2022-03-08T14:30:00.029Z", "user": 1, "content_type": 13, "object_id": "3", "object_repr": "chocolate_hamper", "action_flag": 1, "change_message": "[{\"added\": {}}]"}}, {"model": "admin.logentry", "pk": 7, "fields": {"action_time": "2022-03-08T14:30:11.560Z", "user": 1, "content_type": 13, "object_id": "4", "object_repr": "pamper_hamper", "action_flag": 1, "change_message": "[{\"added\": {}}]"}}, {"model": "admin.logentry", "pk": 8, "fields": {"action_time": "2022-03-08T14:30:31.510Z", "user": 1, "content_type": 13, "object_id": "5", "object_repr": "baby_and_kids_hamper", "action_flag": 1, "change_message": "[{\"added\": {}}]"}}, {"model": "admin.logentry", "pk": 9, "fields": {"action_time": "2022-03-08T14:31:17.899Z", "user": 1, "content_type": 14, "object_id": "1", "object_repr": "birthdays", "action_flag": 1, "change_message": "[{\"added\": {}}]"}}, {"model": "admin.logentry", "pk": 10, "fields": {"action_time": "2022-03-08T14:31:39.158Z", "user": 1, "content_type": 14, "object_id": "2", "object_repr": "anniversarys", "action_flag": 1, "change_message": "[{\"added\": {}}]"}}, {"model": "admin.logentry", "pk": 11, "fields": {"action_time": "2022-03-08T14:31:47.056Z", "user": 1, "content_type": 14, "object_id": "3", "object_repr": "thank_you", "action_flag": 1, "change_message": "[{\"added\": {}}]"}}, {"model": "admin.logentry", "pk": 12, "fields": {"action_time": "2022-03-08T14:32:06.306Z", "user": 1, "content_type": 14, "object_id": "4", "object_repr": "celebrations", "action_flag": 1, "change_message": "[{\"added\": {}}]"}}, {"model": "admin.logentry", "pk": 13, "fields": {"action_time": "2022-03-08T14:32:13.579Z", "user": 1, "content_type": 14, "object_id": "5", "object_repr": "seasonal", "action_flag": 1, "change_message": "[{\"added\": {}}]"}}, {"model": "admin.logentry", "pk": 14, "fields": {"action_time": "2022-03-08T14:42:07.744Z", "user": 1, "content_type": 15, "object_id": "1", "object_repr": "Fresh Summer Berries Hamper", "action_flag": 1, "change_message": "[{\"added\": {}}]"}}, {"model": "admin.logentry", "pk": 15, "fields": {"action_time": "2022-03-14T11:35:30.974Z", "user": 1, "content_type": 15, "object_id": "2", "object_repr": "Fortnum & Mason Champagne Hamper", "action_flag": 1, "change_message": "[{\"added\": {}}]"}}, {"model": "admin.logentry", "pk": 16, "fields": {"action_time": "2022-03-14T11:52:24.938Z", "user": 1, "content_type": 15, "object_id": "3", "object_repr": "Relaxation Hamper", "action_flag": 1, "change_message": "[{\"added\": {}}]"}}, {"model": "admin.logentry", "pk": 17, "fields": {"action_time": "2022-03-14T11:59:04.046Z", "user": 1, "content_type": 15, "object_id": "4", "object_repr": "Fab 50 Chocolate Bar Hamper", "action_flag": 1, "change_message": "[{\"added\": {}}]"}}, {"model": "admin.logentry", "pk": 18, "fields": {"action_time": "2022-03-14T12:07:11.450Z", "user": 1, "content_type": 15, "object_id": "5", "object_repr": "Newborn Baby Hamper", "action_flag": 1, "change_message": "[{\"added\": {}}]"}}, {"model": "admin.logentry", "pk": 19, "fields": {"action_time": "2022-03-14T12:10:33.456Z", "user": 1, "content_type": 15, "object_id": "1", "object_repr": "Fresh Summer Berries Hamper", "action_flag": 2, "change_message": "[{\"changed\": {\"fields\": [\"Image\"]}}]"}}, {"model": "admin.logentry", "pk": 20, "fields": {"action_time": "2022-03-14T12:10:39.871Z", "user": 1, "content_type": 15, "object_id": "1", "object_repr": "Fresh Summer Berries Hamper", "action_flag": 2, "change_message": "[{\"changed\": {\"fields\": [\"Image\"]}}]"}}, {"model": "admin.logentry", "pk": 21, "fields": {"action_time": "2022-03-24T15:33:34.236Z", "user": 1, "content_type": 16, "object_id": "1", "object_repr": "7877B03C295647CAA12FC2148E881D55", "action_flag": 2, "change_message": "[{\"changed\": {\"name\": \"order line item\", \"object\": \"SKU hamper002 on order 7877B03C295647CAA12FC2148E881D55\", \"fields\": [\"Quantity\"]}}]"}}, {"model": "admin.logentry", "pk": 22, "fields": {"action_time": "2022-03-24T15:34:04.279Z", "user": 1, "content_type": 16, "object_id": "1", "object_repr": "7877B03C295647CAA12FC2148E881D55", "action_flag": 2, "change_message": "[{\"deleted\": {\"name\": \"order line item\", \"object\": \"SKU hamper002 on order 7877B03C295647CAA12FC2148E881D55\"}}]"}}, {"model": "admin.logentry", "pk": 23, "fields": {"action_time": "2022-03-24T15:34:40.782Z", "user": 1, "content_type": 16, "object_id": "1", "object_repr": "7877B03C295647CAA12FC2148E881D55", "action_flag": 2, "change_message": "[{\"deleted\": {\"name\": \"order line item\", \"object\": \"SKU hamper004 on order 7877B03C295647CAA12FC2148E881D55\"}}]"}}, {"model": "admin.logentry", "pk": 24, "fields": {"action_time": "2022-03-24T15:34:49.539Z", "user": 1, "content_type": 16, "object_id": "1", "object_repr": "7877B03C295647CAA12FC2148E881D55", "action_flag": 3, "change_message": ""}}, {"model": "admin.logentry", "pk": 25, "fields": {"action_time": "2022-03-28T15:26:37.148Z", "user": 1, "content_type": 15, "object_id": "7", "object_repr": "test2", "action_flag": 3, "change_message": ""}}, {"model": "admin.logentry", "pk": 26, "fields": {"action_time": "2022-03-28T15:26:37.151Z", "user": 1, "content_type": 15, "object_id": "6", "object_repr": "test", "action_flag": 3, "change_message": ""}}, {"model": "admin.logentry", "pk": 27, "fields": {"action_time": "2022-03-31T13:28:35.889Z", "user": 1, "content_type": 15, "object_id": "1", "object_repr": "Fresh Summer Berries Hamper", "action_flag": 2, "change_message": "[{\"changed\": {\"fields\": [\"Stock\"]}}]"}}, {"model": "admin.logentry", "pk": 28, "fields": {"action_time": "2022-03-31T13:28:48.242Z", "user": 1, "content_type": 15, "object_id": "2", "object_repr": "Fortnum & Mason Champagne Hamper", "action_flag": 2, "change_message": "[]"}}, {"model": "admin.logentry", "pk": 29, "fields": {"action_time": "2022-03-31T13:28:55.526Z", "user": 1, "content_type": 15, "object_id": "3", "object_repr": "Relaxation Hamper", "action_flag": 2, "change_message": "[{\"changed\": {\"fields\": [\"Stock\"]}}]"}}, {"model": "admin.logentry", "pk": 30, "fields": {"action_time": "2022-03-31T13:29:06.042Z", "user": 1, "content_type": 15, "object_id": "4", "object_repr": "Fab 50 Chocolate Bar Hamper", "action_flag": 2, "change_message": "[{\"changed\": {\"fields\": [\"Stock\"]}}]"}}, {"model": "admin.logentry", "pk": 31, "fields": {"action_time": "2022-03-31T13:29:15.280Z", "user": 1, "content_type": 15, "object_id": "5", "object_repr": "Newborn Baby Hamper", "action_flag": 2, "change_message": "[{\"changed\": {\"fields\": [\"Stock\"]}}]"}}, {"model": "admin.logentry", "pk": 32, "fields": {"action_time": "2022-03-31T13:29:22.271Z", "user": 1, "content_type": 15, "object_id": "5", "object_repr": "Newborn Baby Hamper", "action_flag": 2, "change_message": "[{\"changed\": {\"fields\": [\"Is available\"]}}]"}}, {"model": "admin.logentry", "pk": 33, "fields": {"action_time": "2022-03-31T13:29:41.390Z", "user": 1, "content_type": 15, "object_id": "5", "object_repr": "Newborn Baby Hamper", "action_flag": 2, "change_message": "[{\"changed\": {\"fields\": [\"Is available\"]}}]"}}, {"model": "admin.logentry", "pk": 34, "fields": {"action_time": "2022-03-31T15:14:17.642Z", "user": 1, "content_type": 15, "object_id": "4", "object_repr": "Fab 50 Chocolate Bar Hamper", "action_flag": 2, "change_message": "[{\"changed\": {\"fields\": [\"Is available\"]}}]"}}, {"model": "admin.logentry", "pk": 35, "fields": {"action_time": "2022-03-31T15:15:18.304Z", "user": 1, "content_type": 15, "object_id": "4", "object_repr": "Fab 50 Chocolate Bar Hamper", "action_flag": 2, "change_message": "[{\"changed\": {\"fields\": [\"Is available\"]}}]"}}, {"model": "admin.logentry", "pk": 36, "fields": {"action_time": "2022-04-01T10:31:17.091Z", "user": 1, "content_type": 15, "object_id": "2", "object_repr": "Fortnum & Mason Champagne Hamper", "action_flag": 2, "change_message": "[{\"changed\": {\"fields\": [\"Stock\"]}}]"}}, {"model": "admin.logentry", "pk": 37, "fields": {"action_time": "2022-04-01T17:54:30.930Z", "user": 1, "content_type": 15, "object_id": "2", "object_repr": "Fortnum & Mason Champagne Hamper", "action_flag": 2, "change_message": "[{\"changed\": {\"fields\": [\"Stock\"]}}]"}}, {"model": "admin.logentry", "pk": 38, "fields": {"action_time": "2022-04-01T17:55:44.808Z", "user": 1, "content_type": 15, "object_id": "2", "object_repr": "Fortnum & Mason Champagne Hamper", "action_flag": 2, "change_message": "[{\"changed\": {\"fields\": [\"Stock\"]}}]"}}, {"model": "admin.logentry", "pk": 39, "fields": {"action_time": "2022-04-02T15:16:11.852Z", "user": 1, "content_type": 19, "object_id": "2", "object_repr": "", "action_flag": 3, "change_message": ""}}, {"model": "admin.logentry", "pk": 40, "fields": {"action_time": "2022-04-02T16:02:25.464Z", "user": 1, "content_type": 19, "object_id": "1", "object_repr": "update update", "action_flag": 2, "change_message": "[{\"changed\": {\"fields\": [\"Star rating\"]}}]"}}, {"model": "admin.logentry", "pk": 41, "fields": {"action_time": "2022-04-02T16:16:38.549Z", "user": 1, "content_type": 19, "object_id": "1", "object_repr": "update update", "action_flag": 2, "change_message": "[{\"changed\": {\"fields\": [\"Status\"]}}]"}}, {"model": "admin.logentry", "pk": 42, "fields": {"action_time": "2022-04-02T16:16:59.461Z", "user": 1, "content_type": 19, "object_id": "1", "object_repr": "update update", "action_flag": 2, "change_message": "[{\"changed\": {\"fields\": [\"Status\"]}}]"}}, {"model": "auth.user", "pk": 1, "fields": {"password": "pbkdf2_sha256$260000$i3wOgJnnUs5v2nmapl3nfJ$e4lqyCY/1NaOncqii4LTKlWoK4tM92JP6FKKFjcoC50=", "last_login": "2022-04-05T11:34:36.942Z", "is_superuser": true, "username": "oli_cummings9", "first_name": "Oliver", "last_name": "Rossington-Cummings", "email": "oli_cummings9@hotmail.com", "is_staff": true, "is_active": true, "date_joined": "2022-02-27T20:27:15Z", "groups": [], "user_permissions": []}}, {"model": "auth.user", "pk": 2, "fields": {"password": "pbkdf2_sha256$260000$Gw9LdVlVl6vEx2lv00N2H9$kPrOymejZSU7o6JOWXh1ogXD+uqqjmyl+b0AE8Fxwu8=", "last_login": "2022-03-28T11:00:22.101Z", "is_superuser": false, "username": "test", "first_name": "", "last_name": "", "email": "test@test.com", "is_staff": false, "is_active": true, "date_joined": "2022-03-28T10:58:11.724Z", "groups": [], "user_permissions": []}}, {"model": "auth.user", "pk": 3, "fields": {"password": "pbkdf2_sha256$260000$h1uabfoLDlEruMAUcdxXkp$cg3IHt9Q39T0lpd5kH53Imc5LWxahO+n/goF/rZ/N70=", "last_login": "2022-04-02T18:01:00.342Z", "is_superuser": false, "username": "user1", "first_name": "", "last_name": "", "email": "test1@test.com", "is_staff": false, "is_active": true, "date_joined": "2022-04-02T18:00:23.031Z", "groups": [], "user_permissions": []}}, {"model": "sessions.session", "pk": "3of4gq8pnccdlaosg7nf7w580g17hxgp", "fields": {"session_data": ".eJxVjEEOwiAQRe_C2pBCKZUu3XsGMsMMFjXQlDbRGO-uTbrQ7X_vv5fwsC6jXyvPPpEYhBKH3w0h3DhvgK6QL0WGkpc5odwUudMqz4X4ftrdv8AIdfy-MWhHpnWxM2BVCMQae6e7xqreuoiE0UQbuT8ahTa0HJANkmooArROb9HKtaaSPT-mND_F0Lw_u4RAMQ:1nbjRS:kM9iUTcRONEJoBIy6JXQnZ8jFw5C3O6Ey8SrxrWEKZ4", "expire_date": "2022-04-19T13:41:54.778Z"}}, {"model": "sessions.session", "pk": "3t3e15dwnqp8aejpnsl3v4q4j9wsu19a", "fields": {"session_data": "eyJiYWciOnsiMyI6MX19:1nUwmk:dnbPSlCWCWX0eMnoRVJzwTlNfQmMs_59ZIN2ac-50Bg", "expire_date": "2022-03-31T20:31:50.627Z"}}, {"model": "sessions.session", "pk": "ic4qbra2wwae6o1mrs6s07q25uww7osw", "fields": {"session_data": "e30:1nb2Vy:KHjJQEaHt0G4et0YP_rTIukPdGyJtf-fLoKqxioXsbM", "expire_date": "2022-04-17T15:51:42.671Z"}}, {"model": "sessions.session", "pk": "ioh0ahphvcfwwvkgzl7ybwesmuz3cqhs", "fields": {"session_data": ".eJxVjjkOgzAURO_ya2ThBRO7TJ8zoL_YkEUgsVSIu8dIFEk3mnkzmh063Nah25Y0d0-BCBqqX4-Q32k8A3nh2E-Kp3Gdn6RORF3poh6TpM_9Yv8GBlyG0iY2QZwNuXHoNbMkQ20wTe1160Mmoeyyz6m9OU2ebWJKjkTXkhFtMGWUsIe4l4NRV2Agmgps0cfxBRE4Prw:1nUAPc:Jug5SylfMXmHXhTdb_p7UJ8LlAMswpYtJiZhH3yWvSw", "expire_date": "2022-03-29T16:52:44.149Z"}}, {"model": "sessions.session", "pk": "to7twvlli1yit0yci52g72mhcyf18o4a", "fields": {"session_data": "eyJiYWciOnsiMSI6NCwiMiI6MzZ9fQ:1nUuMq:in-cxPJOBogWsykSbWJCP_DAt-rtQHktk6Y2ohvoFr8", "expire_date": "2022-03-31T17:56:56.725Z"}}, {"model": "sessions.session", "pk": "wukve0wfbgzqfzreu7yzlqns4lmebg22", "fields": {"session_data": ".eJxVjMsOgjAUBf-la9PQB8W6dM83kPsU1NCEwsr470rCQrdnZs7LDLCt47BVWYaJzcU4c_rdEOgh8w74DvOtWCrzukxod8UetNq-sDyvh_t3MEIdvzWSzxxD1jZCckQsHrvs2ya5LmVFRo2aVLpzdJgoCKFEZNewAoTszfsD_h449A:1nRaMy:LmadBhZwmFyGscdLS0W59qAISB0I8Wb5pV4NKp9_050", "expire_date": "2022-03-22T13:59:20.195Z"}}, {"model": "sites.site", "pk": 1, "fields": {"domain": "celebratewithhampers.example.com", "name": "Celebrate with Hampers"}}, {"model": "account.emailaddress", "pk": 1, "fields": {"user": 1, "email": "oli_cummings9@hotmail.com", "verified": true, "primary": true}}, {"model": "account.emailaddress", "pk": 2, "fields": {"user": 2, "email": "test@test.com", "verified": true, "primary": true}}, {"model": "account.emailaddress", "pk": 3, "fields": {"user": 3, "email": "test1@test.com", "verified": true, "primary": true}}, {"model": "products.category", "pk": 1, "fields": {"name": "seasonal_food_hamper", "friendly_name": "Seasonal Food Hamper"}}, {"model": "products.category", "pk": 2, "fields": {"name": "alcohol_hamper", "friendly_name": "Alcohol Hamper"}}, {"model": "products.category", "pk": 3, "fields": {"name": "chocolate_hamper", "friendly_name": "Chocolate Hamper"}}, {"model": "products.category", "pk": 4, "fields": {"name": "pamper_hamper", "friendly_name": "Pamper Hamper"}}, {"model": "products.category", "pk": 5, "fields": {"name": "baby_and_kids_hamper", "friendly_name": "Baby & Kids Hamper"}}, {"model": "products.occasion", "pk": 1, "fields": {"name": "birthdays", "friendly_name": "Birthdays"}}, {"model": "products.occasion", "pk": 2, "fields": {"name": "anniversarys", "friendly_name": "Anniversarys"}}, {"model": "products.occasion", "pk": 3, "fields": {"name": "thank_you", "friendly_name": "Thank You"}}, {"model": "products.occasion", "pk": 4, "fields": {"name": "celebrations", "friendly_name": "Celebrations"}}, {"model": "products.occasion", "pk": 5, "fields": {"name": "seasonal", "friendly_name": "Seasonal"}}, {"model": "products.product", "pk": 1, "fields": {"category": 1, "occasion": 5, "sku": "hamper001", "name": "Fresh Summer Berries Hamper", "description": "An amazing gift for someone who loves al fresco eating and enjoying those sunny summer days. Celebrate with the perfect Summer Berries Hamper. Includes, strawberries, blueberries, cherries, raspberries, clotted cream and a bottle of prosecco.", "price": "14.99", "image_url": null, "image": "fresh_summer_berries_6LRm8Pk.jpg", "stock": 8, "is_available": true, "sku_created": "2022-04-05T12:15:51.414Z"}}, {"model": "products.product", "pk": 2, "fields": {"category": 2, "occasion": 4, "sku": "hamper002", "name": "Fortnum & Mason Champagne Hamper", "description": "Give your taste buds cause for celebration with Fortnum & Mason's Champagne Hamper. Filled with chocolate truffles and a Blanc de Blancs Champagne 75cl. The much loved alcohol gift hamper for any celebration!", "price": "59.99", "image_url": null, "image": "fortnum_mason_geBtMyT.jpg", "stock": 6, "is_available": true, "sku_created": "2022-04-05T12:15:51.414Z"}}, {"model": "products.product", "pk": 3, "fields": {"category": 4, "occasion": 3, "sku": "hamper003", "name": "Relaxation Hamper", "description": "A skincare and relaxation hamper from Batch. This perfect thank you gift includes a scented bath bomb, skin lotion, muscle relaxation gel, CBD oil, two soft face gels, a chocolate bar and pack of 3 tealights.", "price": "9.99", "image_url": null, "image": "skincare_pamper_cqljsnN.jpg", "stock": 19, "is_available": true, "sku_created": "2022-04-05T12:15:51.414Z"}}, {"model": "products.product", "pk": 4, "fields": {"category": 3, "occasion": 1, "sku": "hamper004", "name": "Fab 50 Chocolate Bar Hamper", "description": "A fantastic selection of no less than 50 chocolate bars included in this hamper. A great birthday gift for any chocolate lover. Bars from the UK and America including: Mars, Snickers, Kitkat, Bounty, Kinder Bueno, Lion, Milka, Corny Big, Ferrero Duplo.", "price": "9.99", "image_url": null, "image": "chocolate_bars_ajSshXT.jpg", "stock": 38, "is_available": true, "sku_created": "2022-04-05T12:15:51.414Z"}}, {"model": "products.product", "pk": 5, "fields": {"category": 5, "occasion": 2, "sku": "hamper005", "name": "Newborn Baby Hamper", "description": "For new parents, we have this special newborn baby gift hamper. A selection of essential baby products in a neutral colour. Items in the hamper include a baby rattle, x2 bibs, x2 muslins, baby towel, hair brush, dummy and cotton drawstring day bag.", "price": "19.99", "image_url": null, "image": "newborn_Ppg4z8n.jpg", "stock": 0, "is_available": true, "sku_created": "2022-04-05T12:15:51.414Z"}}, {"model": "products.product", "pk": 6, "fields": {"category": 5, "occasion": 1, "sku": "hamper006", "name": "Toy Box Hamper", "description": "A selection of 10 toys hand picked for the perfect birthday present. Gender neutral toys for children under 6 years old.", "price": "19.99", "image_url": null, "image": "toy_box.jpg", "stock": 30, "is_available": true, "sku_created": "2022-04-05T12:35:05.335Z"}}, {"model": "products.product", "pk": 7, "fields": {"category": 4, "occasion": 1, "sku": "hamper007", "name": "Lavender Bliss Mini Hamper", "description": "A set of 4 lavender bath bombs with essential oils. A small gift ideal for those who enjoy relaxing at home in the bath.", "price": "4.99", "image_url": null, "image": "bath_bomb.jpg", "stock": 40, "is_available": true, "sku_created": "2022-04-05T12:40:58.859Z"}}, {"model": "products.product", "pk": 8, "fields": {"category": 1, "occasion": 2, "sku": "hamper008", "name": "Mini Patisseries Letterbox Hamper", "description": "A selection of 14 hand made mini patisseries baked in France for an authentic treat. A great gift for those special occasions. Who can resist this sweet tooth selection.", "price": "9.99", "image_url": null, "image": "anniversary_patisseries.jpg", "stock": 15, "is_available": true, "sku_created": "2022-04-05T12:50:56.212Z"}}, {"model": "products.product", "pk": 9, "fields": {"category": 3, "occasion": 3, "sku": "hamper009", "name": "Box of Chocolates Mini Hamper", "description": "A gourmet box of 12 chocolates made in the UK. An ideal gift for any connoisseur of good food.", "price": "4.99", "image_url": null, "image": "box_chocolates.jpg", "stock": 50, "is_available": true, "sku_created": "2022-04-05T12:56:45.408Z"}}, {"model": "products.product", "pk": 10, "fields": {"category": 2, "occasion": 5, "sku": "hamper010", "name": "Fine Wine Seasonal Hamper", "description": "A wooden hamper filled with 6 bottles of wine hand picked for the season. Consists of 3 red and 3 white wines, ranging from dry to sweet, produced in France.", "price": "49.99", "image_url": null, "image": "vintage_wine.jpg", "stock": 8, "is_available": true, "sku_created": "2022-04-05T13:00:56.191Z"}}, {"model": "products.product", "pk": 11, "fields": {"category": 1, "occasion": 4, "sku": "hamper011", "name": "Fresh Food Hamper", "description": "A selection of freshly prepared sandwiches, wraps, buns, fruit and dessert pots. Will feed up to 8 guests. An ideal food hamper for any family and friends gathering to celebration all occasions.", "price": "14.99", "image_url": null, "image": "food_gift.jpg", "stock": 4, "is_available": true, "sku_created": "2022-04-05T13:09:12.201Z"}}, {"model": "products.product", "pk": 12, "fields": {"category": 2, "occasion": 3, "sku": "hamper012", "name": "Gin Lovers Hamper", "description": "For all gin lovers, this hamper would make your day. Hand selected Bombay Sapphire Gin, x2 Fever Tree Tonic Waters and x2 gin glasses.", "price": "34.99", "image_url": null, "image": "gin_set.jpg", "stock": 12, "is_available": true, "sku_created": "2022-04-05T13:18:16.133Z"}}, {"model": "products.product", "pk": 13, "fields": {"category": 4, "occasion": 2, "sku": "hamper013", "name": "Wedding Anniversary Gift Hamper", "description": "A letterbox sized hamper includes a weeding anniversary card, red and white roses and a spa day voucher for 2 adults.", "price": "24.99", "image_url": null, "image": "wedding_anniversary.jpg", "stock": 6, "is_available": true, "sku_created": "2022-04-05T13:25:33.788Z"}}, {"model": "products.product", "pk": 14, "fields": {"category": 3, "occasion": 4, "sku": "hamper013", "name": "Fruit & Chocolate Cake Hamper", "description": "A fruit and 3 layer chocolate cake made freshly on the day of purchase. For all celebrations, this cake is will surely go down well. Included in the hamper, along with the cake are 12 disposable plates, knives and forks.", "price": "9.99", "image_url": null, "image": "fruit_chocolate_cake.jpg", "stock": 10, "is_available": true, "sku_created": "2022-04-05T13:35:35.762Z"}}, {"model": "products.product", "pk": 15, "fields": {"category": 5, "occasion": 5, "sku": "hamper015", "name": "Easter Kids Craft Hamper", "description": "During the Easter half term, this craft hamper is the ideal gift for all parents and carers looking to keep the children entertained. An alternative to Easter chocolate. Included in the hamper are all crafts needed to create 6 Easter chicks and 6 Easter Bunnies.", "price": "9.99", "image_url": null, "image": "easter_craft.jpg", "stock": 24, "is_available": true, "sku_created": "2022-04-05T13:41:54.724Z"}}, {"model": "products.reviews", "pk": 1, "fields": {"product": 2, "user": 1, "subject": "update update", "review": "test", "star_rating": "4.0", "ip": "127.0.0.1", "status": true, "created": "2022-04-02T14:37:41.218Z", "updated": "2022-04-02T16:16:59.460Z"}}, {"model": "products.reviews", "pk": 3, "fields": {"product": 2, "user": 3, "subject": "Test2", "review": "test test", "star_rating": "5.0", "ip": "127.0.0.1", "status": true, "created": "2022-04-02T18:01:38.422Z", "updated": "2022-04-02T18:01:38.422Z"}}, {"model": "products.savedlistitems", "pk": 1, "fields": {"user": 1, "item": []}}, {"model": "checkout.order", "pk": 2, "fields": {"order_number": "67A81A595E7D45DB94DA5C09ACC34DB4", "user_profile": null, "full_name": "test", "email": "test@test.com", "phone_number": "1234567890", "country": "US", "postcode": "12345", "town_or_city": "anywhere", "street_address1": "anywhere", "street_address2": "anywhere", "county": "anywhere", "date": "2022-03-27T08:36:25.250Z", "delivery_cost": "0.50", "order_total": "9.99", "grand_total": "10.49", "original_bag": "", "stripe_pid": ""}}, {"model": "checkout.order", "pk": 3, "fields": {"order_number": "2DAB5C799FFC4FF0A1287994FBA31F7B", "user_profile": null, "full_name": "test", "email": "test@test.com", "phone_number": "1234567890", "country": "US", "postcode": "12345", "town_or_city": "anywhere", "street_address1": "anywhere", "street_address2": "anywhere", "county": "anywhere", "date": "2022-03-27T10:23:45.031Z", "delivery_cost": "3.00", "order_total": "59.99", "grand_total": "62.99", "original_bag": "", "stripe_pid": ""}}, {"model": "checkout.order", "pk": 4, "fields": {"order_number": "BC0ABE7CA06F41508CC62D710B425F22", "user_profile": null, "full_name": "test", "email": "test@test.com", "phone_number": "1234567890", "country": "US", "postcode": "12345", "town_or_city": "anywhere", "street_address1": "anywhere", "street_address2": "anywhere", "county": "anywhere", "date": "2022-03-27T11:14:24.067Z", "delivery_cost": "3.00", "order_total": "59.99", "grand_total": "62.99", "original_bag": "", "stripe_pid": ""}}, {"model": "checkout.order", "pk": 5, "fields": {"order_number": "8468405EA0764242A24305E068C44D15", "user_profile": null, "full_name": "test", "email": "test@test.com", "phone_number": "1234567890", "country": "US", "postcode": "12345", "town_or_city": "anywhere", "street_address1": "anywhere", "street_address2": "anywhere", "county": "anywhere", "date": "2022-03-27T11:22:42.183Z", "delivery_cost": "0.50", "order_total": "9.99", "grand_total": "10.49", "original_bag": "", "stripe_pid": ""}}, {"model": "checkout.order", "pk": 6, "fields": {"order_number": "7B614E9EF773492F92C2B73A36F74FE5", "user_profile": null, "full_name": "test", "email": "test@test.com", "phone_number": "1234567890", "country": "US", "postcode": "12345", "town_or_city": "anywhere", "street_address1": "anywhere", "street_address2": "anywhere", "county": "anywhere", "date": "2022-03-27T11:25:41.778Z", "delivery_cost": "2.25", "order_total": "44.97", "grand_total": "47.22", "original_bag": "", "stripe_pid": ""}}, {"model": "checkout.order", "pk": 7, "fields": {"order_number": "9D65DCCCB5FF4517A94E0363E0F46CD8", "user_profile": null, "full_name": "test", "email": "test@test.com", "phone_number": "1234567890", "country": "US", "postcode": "12345", "town_or_city": "anywhere", "street_address1": "anywhere", "street_address2": "anywhere", "county": "anywhere", "date": "2022-03-27T11:36:50.996Z", "delivery_cost": "3.00", "order_total": "59.99", "grand_total": "62.99", "original_bag": "", "stripe_pid": ""}}, {"model": "checkout.order", "pk": 8, "fields": {"order_number": "0A1C48CB9A15485083CC8244D722CA68", "user_profile": null, "full_name": "test", "email": "test@test.com", "phone_number": "1234567890", "country": "US", "postcode": "12345", "town_or_city": "anywhere", "street_address1": "anywhere", "street_address2": "anywhere", "county": "anywhere", "date": "2022-03-27T11:42:31.608Z", "delivery_cost": "3.00", "order_total": "59.99", "grand_total": "62.99", "original_bag": "", "stripe_pid": ""}}, {"model": "checkout.order", "pk": 9, "fields": {"order_number": "A30D0C9654174EFB831FC53D7D4AEC12", "user_profile": null, "full_name": "test", "email": "test@test.com", "phone_number": "1234567890", "country": "US", "postcode": "12345", "town_or_city": "anywhere", "street_address1": "anywhere", "street_address2": "anywhere", "county": "anywhere", "date": "2022-03-27T18:28:00.876Z", "delivery_cost": "0.00", "order_total": "74.98", "grand_total": "74.98", "original_bag": "{\"2\": 1, \"1\": 1}", "stripe_pid": "pi_3Ki0n2IyuMLcgbxu1UfS4c49"}}, {"model": "checkout.order", "pk": 10, "fields": {"order_number": "243B933806694D23AA498831A4233293", "user_profile": null, "full_name": "test", "email": "test@test.com", "phone_number": "1234567890", "country": "US", "postcode": "12345", "town_or_city": "anywhere", "street_address1": "anywhere", "street_address2": "anywhere", "county": "anywhere", "date": "2022-03-27T18:40:06.074Z", "delivery_cost": "0.00", "order_total": "234.81", "grand_total": "234.81", "original_bag": "{\"4\": 10, \"1\": 9}", "stripe_pid": "pi_3Ki0zwIyuMLcgbxu0QUpFxTE"}}, {"model": "checkout.order", "pk": 12, "fields": {"order_number": "B0D5963C35974676A253B09F7B6CCE39", "user_profile": null, "full_name": "test", "email": "test@test.com", "phone_number": "1234567890", "country": "US", "postcode": "12345", "town_or_city": "anywhere", "street_address1": "anywhere", "street_address2": "anywhere", "county": "anywhere", "date": "2022-03-27T18:47:48.989Z", "delivery_cost": "0.00", "order_total": "119.98", "grand_total": "119.98", "original_bag": "{\"2\": 2}", "stripe_pid": "pi_3Ki17KIyuMLcgbxu2MbhDjPV"}}, {"model": "checkout.order", "pk": 13, "fields": {"order_number": "E0A5FD70CFF54D1C8AF7732EA378B351", "user_profile": 2, "full_name": "test", "email": "test@test.com", "phone_number": "1234567890", "country": "GB", "postcode": "12345", "town_or_city": "anywhere", "street_address1": "anywhere", "street_address2": "anywhere", "county": "anywhere", "date": "2022-03-28T13:00:22.346Z", "delivery_cost": "3.00", "order_total": "59.99", "grand_total": "62.99", "original_bag": "{\"2\": 1}", "stripe_pid": "pi_3KiIALIyuMLcgbxu1A1q06Wq"}}, {"model": "checkout.order", "pk": 14, "fields": {"order_number": "2DE10BF26C194ADAAAD2D51E0F98CB38", "user_profile": 2, "full_name": "test", "email": "test@test.com", "phone_number": "1234567890", "country": "GB", "postcode": "12345", "town_or_city": "anywhere", "street_address1": "anywhere", "street_address2": "anywhere", "county": "anywhere", "date": "2022-03-28T13:11:56.218Z", "delivery_cost": "0.75", "order_total": "14.99", "grand_total": "15.74", "original_bag": "{\"1\": 1}", "stripe_pid": "pi_3KiIJLIyuMLcgbxu2XPRUoDD"}}, {"model": "checkout.order", "pk": 15, "fields": {"order_number": "9A744AF884D2498BA8691411DD6F1E18", "user_profile": 2, "full_name": "test", "email": "test@test.com", "phone_number": "1234567890", "country": "GB", "postcode": "12345", "town_or_city": "anywhere", "street_address1": "anywhere", "street_address2": "anywhere", "county": "anywhere", "date": "2022-03-28T14:00:57.866Z", "delivery_cost": "0.50", "order_total": "9.99", "grand_total": "10.49", "original_bag": "{\"4\": 1}", "stripe_pid": "pi_3KiJ7YIyuMLcgbxu0quWJwwQ"}}, {"model": "checkout.order", "pk": 16, "fields": {"order_number": "CC5E242961024AFCA0C0B673C90C7958", "user_profile": 2, "full_name": "test", "email": "test@test.com", "phone_number": "1234567890", "country": "GB", "postcode": "12345", "town_or_city": "anywhere", "street_address1": "anywhere", "street_address2": "anywhere", "county": "anywhere", "date": "2022-03-28T14:03:32.372Z", "delivery_cost": "2.00", "order_total": "39.96", "grand_total": "41.96", "original_bag": "{\"4\": 4}", "stripe_pid": "pi_3KiJ9vIyuMLcgbxu2WGWMdCd"}}, {"model": "checkout.order", "pk": 17, "fields": {"order_number": "69AEA5C09B2B42FFA788356E0B71252E", "user_profile": 2, "full_name": "test", "email": "test@test.com", "phone_number": "1234567890", "country": "GB", "postcode": "12345", "town_or_city": "anywhere", "street_address1": "anywhere", "street_address2": "anywhere", "county": "anywhere", "date": "2022-03-28T14:04:46.986Z", "delivery_cost": "2.50", "order_total": "49.96", "grand_total": "52.46", "original_bag": "{\"1\": 2, \"4\": 2}", "stripe_pid": "pi_3KiJBLIyuMLcgbxu148YWM5j"}}, {"model": "checkout.order", "pk": 18, "fields": {"order_number": "06766F2D39734621BC9295B46CF4983C", "user_profile": 1, "full_name": "test", "email": "test@test.com", "phone_number": "01234567890", "country": "GB", "postcode": "12345", "town_or_city": "anywhere", "street_address1": "anywhere", "street_address2": "anywhere", "county": "anywhere", "date": "2022-04-01T12:27:15.310Z", "delivery_cost": "2.25", "order_total": "44.97", "grand_total": "47.22", "original_bag": "{\"1\": 3}", "stripe_pid": "pi_3KjjYxIyuMLcgbxu1iL0VML3"}}, {"model": "checkout.order", "pk": 19, "fields": {"order_number": "1D8A3798EE8F4F299899824AAD802B7C", "user_profile": 1, "full_name": "Oliver Rossington-Cummings", "email": "oli_cummings9@hotmail.com", "phone_number": "01234567890", "country": "GB", "postcode": "12345", "town_or_city": "anywhere", "street_address1": "anywhere", "street_address2": "anywhere", "county": "anywhere", "date": "2022-04-01T17:49:52.593Z", "delivery_cost": "0.00", "order_total": "74.95", "grand_total": "74.95", "original_bag": "{\"1\": 5}", "stripe_pid": "pi_3KjobMIyuMLcgbxu1NGWxLjl"}}, {"model": "checkout.order", "pk": 20, "fields": {"order_number": "CAA7DEEC99EC46AD834811C980B61CB0", "user_profile": 1, "full_name": "Oliver Rossington-Cummings", "email": "oli_cummings9@hotmail.com", "phone_number": "01234567890", "country": "GB", "postcode": "12345", "town_or_city": "anywhere", "street_address1": "anywhere", "street_address2": "anywhere", "county": "anywhere", "date": "2022-04-01T17:52:23.974Z", "delivery_cost": "1.50", "order_total": "29.98", "grand_total": "31.48", "original_bag": "{\"3\": 1, \"5\": 1}", "stripe_pid": "pi_3KjodiIyuMLcgbxu2TEYZdgb"}}, {"model": "checkout.order", "pk": 21, "fields": {"order_number": "A46C7338C92846FDA6045D1B73C190EF", "user_profile": 1, "full_name": "Oliver Rossington-Cummings", "email": "oli_cummings9@hotmail.com", "phone_number": "01234567890", "country": "GB", "postcode": "12345", "town_or_city": "anywhere", "street_address1": "anywhere", "street_address2": "anywhere", "county": "anywhere", "date": "2022-04-01T17:53:50.949Z", "delivery_cost": "0.00", "order_total": "79.96", "grand_total": "79.96", "original_bag": "{\"5\": 4}", "stripe_pid": "pi_3KjofFIyuMLcgbxu0hbnsQjX"}}, {"model": "checkout.order", "pk": 22, "fields": {"order_number": "E3E0BEE7EECC444984A5A71131BE860E", "user_profile": 1, "full_name": "Oliver Rossington-Cummings", "email": "oli_cummings9@hotmail.com", "phone_number": "01234567890", "country": "GB", "postcode": "12345", "town_or_city": "anywhere", "street_address1": "anywhere", "street_address2": "anywhere", "county": "anywhere", "date": "2022-04-01T17:55:01.277Z", "delivery_cost": "0.00", "order_total": "299.95", "grand_total": "299.95", "original_bag": "{\"2\": 5}", "stripe_pid": "pi_3KjogQIyuMLcgbxu0KFgwLOi"}}, {"model": "checkout.order", "pk": 23, "fields": {"order_number": "11A294900A3E4BFAB18F66F1AF43306D", "user_profile": 1, "full_name": "Oliver Rossington-Cummings", "email": "oli_cummings9@hotmail.com", "phone_number": "01234567890", "country": "GB", "postcode": "12345", "town_or_city": "anywhere", "street_address1": "anywhere", "street_address2": "anywhere", "county": "anywhere", "date": "2022-04-01T18:12:25.243Z", "delivery_cost": "1.50", "order_total": "29.97", "grand_total": "31.47", "original_bag": "{\"4\": 3}", "stripe_pid": "pi_3KjoxCIyuMLcgbxu1apySM6y"}}, {"model": "checkout.order", "pk": 24, "fields": {"order_number": "58BB8FD69422492790C742D1009828AF", "user_profile": 1, "full_name": "test", "email": "test@test.com", "phone_number": "01234567890", "country": "GB", "postcode": "12345", "town_or_city": "anywhere", "street_address1": "anywhere", "street_address2": "anywhere", "county": "anywhere", "date": "2022-04-02T17:05:18.641Z", "delivery_cost": "0.50", "order_total": "9.99", "grand_total": "10.49", "original_bag": "{\"4\": 1}", "stripe_pid": "pi_3KkANGIyuMLcgbxu2MoEzbgX"}}, {"model": "checkout.order", "pk": 25, "fields": {"order_number": "C92637977C1F4FE1B9B6738ECABE228D", "user_profile": 3, "full_name": "user1", "email": "test1@test.com", "phone_number": "01234567890", "country": "GB", "postcode": "12345", "town_or_city": "anywhere", "street_address1": "anywhere", "street_address2": "anywhere", "county": "anywhere", "date": "2022-04-02T18:03:04.714Z", "delivery_cost": "0.00", "order_total": "79.97", "grand_total": "79.97", "original_bag": "{\"4\": 2, \"2\": 1}", "stripe_pid": "pi_3KkBHPIyuMLcgbxu2SW9rQ0s"}}, {"model": "checkout.order", "pk": 26, "fields": {"order_number": "426426E125F44D8997D373E5C5E416C9", "user_profile": 1, "full_name": "Oliver Rossington-Cummings", "email": "oli_cummings9@hotmail.com", "phone_number": "01234567890", "country": "GB", "postcode": "12345", "town_or_city": "anywhere", "street_address1": "anywhere", "street_address2": "anywhere", "county": "anywhere", "date": "2022-04-03T15:40:57.909Z", "delivery_cost": "0.00", "order_total": "99.96", "grand_total": "99.96", "original_bag": "{\"1\": 2, \"2\": 1, \"4\": 1}", "stripe_pid": "pi_3KkVXZIyuMLcgbxu2CE2jAvq"}}, {"model": "checkout.orderlineitem", "pk": 3, "fields": {"order": 2, "product": 4, "quantity": 1, "lineitem_total": "9.99"}}, {"model": "checkout.orderlineitem", "pk": 4, "fields": {"order": 3, "product": 2, "quantity": 1, "lineitem_total": "59.99"}}, {"model": "checkout.orderlineitem", "pk": 5, "fields": {"order": 4, "product": 2, "quantity": 1, "lineitem_total": "59.99"}}, {"model": "checkout.orderlineitem", "pk": 6, "fields": {"order": 5, "product": 4, "quantity": 1, "lineitem_total": "9.99"}}, {"model": "checkout.orderlineitem", "pk": 7, "fields": {"order": 6, "product": 3, "quantity": 1, "lineitem_total": "9.99"}}, {"model": "checkout.orderlineitem", "pk": 8, "fields": {"order": 6, "product": 1, "quantity": 1, "lineitem_total": "14.99"}}, {"model": "checkout.orderlineitem", "pk": 9, "fields": {"order": 6, "product": 5, "quantity": 1, "lineitem_total": "19.99"}}, {"model": "checkout.orderlineitem", "pk": 10, "fields": {"order": 7, "product": 2, "quantity": 1, "lineitem_total": "59.99"}}, {"model": "checkout.orderlineitem", "pk": 11, "fields": {"order": 8, "product": 2, "quantity": 1, "lineitem_total": "59.99"}}, {"model": "checkout.orderlineitem", "pk": 12, "fields": {"order": 9, "product": 2, "quantity": 1, "lineitem_total": "59.99"}}, {"model": "checkout.orderlineitem", "pk": 13, "fields": {"order": 9, "product": 1, "quantity": 1, "lineitem_total": "14.99"}}, {"model": "checkout.orderlineitem", "pk": 14, "fields": {"order": 10, "product": 4, "quantity": 10, "lineitem_total": "99.90"}}, {"model": "checkout.orderlineitem", "pk": 15, "fields": {"order": 10, "product": 1, "quantity": 9, "lineitem_total": "134.91"}}, {"model": "checkout.orderlineitem", "pk": 16, "fields": {"order": 12, "product": 2, "quantity": 2, "lineitem_total": "119.98"}}, {"model": "checkout.orderlineitem", "pk": 17, "fields": {"order": 13, "product": 2, "quantity": 1, "lineitem_total": "59.99"}}, {"model": "checkout.orderlineitem", "pk": 18, "fields": {"order": 14, "product": 1, "quantity": 1, "lineitem_total": "14.99"}}, {"model": "checkout.orderlineitem", "pk": 19, "fields": {"order": 15, "product": 4, "quantity": 1, "lineitem_total": "9.99"}}, {"model": "checkout.orderlineitem", "pk": 20, "fields": {"order": 16, "product": 4, "quantity": 4, "lineitem_total": "39.96"}}, {"model": "checkout.orderlineitem", "pk": 21, "fields": {"order": 17, "product": 1, "quantity": 2, "lineitem_total": "29.98"}}, {"model": "checkout.orderlineitem", "pk": 22, "fields": {"order": 17, "product": 4, "quantity": 2, "lineitem_total": "19.98"}}, {"model": "checkout.orderlineitem", "pk": 23, "fields": {"order": 18, "product": 1, "quantity": 3, "lineitem_total": "44.97"}}, {"model": "checkout.orderlineitem", "pk": 24, "fields": {"order": 19, "product": 1, "quantity": 5, "lineitem_total": "74.95"}}, {"model": "checkout.orderlineitem", "pk": 25, "fields": {"order": 20, "product": 3, "quantity": 1, "lineitem_total": "9.99"}}, {"model": "checkout.orderlineitem", "pk": 26, "fields": {"order": 20, "product": 5, "quantity": 1, "lineitem_total": "19.99"}}, {"model": "checkout.orderlineitem", "pk": 27, "fields": {"order": 21, "product": 5, "quantity": 4, "lineitem_total": "79.96"}}, {"model": "checkout.orderlineitem", "pk": 28, "fields": {"order": 22, "product": 2, "quantity": 5, "lineitem_total": "299.95"}}, {"model": "checkout.orderlineitem", "pk": 29, "fields": {"order": 23, "product": 4, "quantity": 3, "lineitem_total": "29.97"}}, {"model": "checkout.orderlineitem", "pk": 30, "fields": {"order": 24, "product": 4, "quantity": 1, "lineitem_total": "9.99"}}, {"model": "checkout.orderlineitem", "pk": 31, "fields": {"order": 25, "product": 4, "quantity": 2, "lineitem_total": "19.98"}}, {"model": "checkout.orderlineitem", "pk": 32, "fields": {"order": 25, "product": 2, "quantity": 1, "lineitem_total": "59.99"}}, {"model": "checkout.orderlineitem", "pk": 33, "fields": {"order": 26, "product": 1, "quantity": 2, "lineitem_total": "29.98"}}, {"model": "checkout.orderlineitem", "pk": 34, "fields": {"order": 26, "product": 2, "quantity": 1, "lineitem_total": "59.99"}}, {"model": "checkout.orderlineitem", "pk": 35, "fields": {"order": 26, "product": 4, "quantity": 1, "lineitem_total": "9.99"}}, {"model": "profiles.userprofile", "pk": 1, "fields": {"user": 1, "default_phone_number": "00000000001", "default_street_address1": "London Road", "default_street_address2": "London", "default_town_or_city": "London", "default_county": "London", "default_country": "GB", "default_postcode": "67890"}}, {"model": "profiles.userprofile", "pk": 2, "fields": {"user": 2, "default_phone_number": "1234567890", "default_street_address1": "anywhere", "default_street_address2": "anywhere", "default_town_or_city": "anywhere", "default_county": "anywhere", "default_country": "GB", "default_postcode": "12345"}}, {"model": "profiles.userprofile", "pk": 3, "fields": {"user": 3, "default_phone_number": "01234567890", "default_street_address1": "anywhere", "default_street_address2": "anywhere", "default_town_or_city": "anywhere", "default_county": "anywhere", "default_country": "GB", "default_postcode": "12345"}}]